-- phpMyAdmin SQL Dump
-- version 4.9.1
-- https://www.phpmyadmin.net/
--
-- Host: 127.0.0.1
-- Generation Time: Apr 08, 2020 at 07:24 AM
-- Server version: 10.4.8-MariaDB
-- PHP Version: 7.3.10

SET SQL_MODE = "NO_AUTO_VALUE_ON_ZERO";
SET AUTOCOMMIT = 0;
START TRANSACTION;
SET time_zone = "+00:00";


/*!40101 SET @OLD_CHARACTER_SET_CLIENT=@@CHARACTER_SET_CLIENT */;
/*!40101 SET @OLD_CHARACTER_SET_RESULTS=@@CHARACTER_SET_RESULTS */;
/*!40101 SET @OLD_COLLATION_CONNECTION=@@COLLATION_CONNECTION */;
/*!40101 SET NAMES utf8mb4 */;

--
-- Database: `db_rapot_digital`
--

-- --------------------------------------------------------

--
-- Table structure for table `tb_absensi`
--

CREATE TABLE `tb_absensi` (
  `id` int(11) NOT NULL,
  `nis` int(15) NOT NULL,
  `id_semester` int(20) NOT NULL,
  `s` int(3) NOT NULL,
  `i` int(3) NOT NULL,
  `a` int(3) NOT NULL
) ENGINE=InnoDB DEFAULT CHARSET=utf8mb4;

--
-- Dumping data for table `tb_absensi`
--

INSERT INTO `tb_absensi` (`id`, `nis`, `id_semester`, `s`, `i`, `a`) VALUES
(1, 11902230, 1, 3, 0, 3),
(2, 11902231, 1, 4, 6, 3),
(3, 11902232, 1, 0, 0, 0),
(4, 11902233, 1, 2, 2, 1),
(5, 11902234, 1, 0, 0, 0),
(6, 11902235, 1, 0, 0, 0),
(7, 11902236, 1, 0, 0, 0),
(8, 11902237, 1, 0, 0, 0),
(9, 11902238, 1, 0, 0, 0),
(10, 11902239, 1, 0, 0, 0),
(11, 11902240, 1, 4, 5, 6),
(12, 11902241, 1, 4, 2, 3),
(13, 11902230, 2, 0, 0, 0),
(14, 11902231, 2, 0, 0, 0),
(15, 11902232, 2, 0, 0, 0),
(16, 11902233, 2, 0, 0, 0),
(17, 11902234, 2, 0, 0, 0),
(18, 11902235, 2, 0, 0, 0),
(19, 11902236, 2, 0, 0, 0),
(20, 11902237, 2, 0, 0, 0),
(21, 11902238, 2, 0, 0, 0),
(22, 11902239, 2, 0, 0, 0),
(23, 11902240, 2, 0, 0, 0),
(24, 11902241, 2, 0, 0, 0);

-- --------------------------------------------------------

--
-- Table structure for table `tb_admin`
--

CREATE TABLE `tb_admin` (
  `username` varchar(20) NOT NULL,
  `password` varchar(50) NOT NULL,
  `nama` varchar(200) NOT NULL
) ENGINE=InnoDB DEFAULT CHARSET=latin1;

-- --------------------------------------------------------

--
-- Table structure for table `tb_guru`
--

CREATE TABLE `tb_guru` (
  `nip` int(15) NOT NULL,
  `id_mapel` int(15) NOT NULL,
  `username` varchar(20) NOT NULL,
  `password` varchar(50) NOT NULL,
  `nama_guru` varchar(200) NOT NULL
) ENGINE=InnoDB DEFAULT CHARSET=latin1;

--
-- Dumping data for table `tb_guru`
--

INSERT INTO `tb_guru` (`nip`, `id_mapel`, `username`, `password`, `nama_guru`) VALUES
(110021, 1, 'guru', '77e69c137812518e359196bb2f5e9bb9', 'Andraa');

-- --------------------------------------------------------

--
-- Table structure for table `tb_jenis`
--

CREATE TABLE `tb_jenis` (
  `id_jenis` int(15) NOT NULL,
  `nama_ujian` varchar(50) NOT NULL
) ENGINE=InnoDB DEFAULT CHARSET=utf8mb4;

--
-- Dumping data for table `tb_jenis`
--

INSERT INTO `tb_jenis` (`id_jenis`, `nama_ujian`) VALUES
(1, 'UH 1'),
(2, 'UH 2'),
(3, 'UH 3'),
(4, 'UH 4'),
(5, 'UH 5 '),
(6, 'UH 6'),
(7, 'UH 7'),
(8, 'UH 8'),
(9, 'UTS GANJIL'),
(10, 'UAS GANJIL'),
(11, 'UTS GENAP'),
(12, 'UKK');

-- --------------------------------------------------------

--
-- Table structure for table `tb_jenisupd`
--

CREATE TABLE `tb_jenisupd` (
  `id_upd` int(11) NOT NULL,
  `nama_upd` varchar(50) NOT NULL
) ENGINE=InnoDB DEFAULT CHARSET=utf8mb4;

--
-- Dumping data for table `tb_jenisupd`
--

INSERT INTO `tb_jenisupd` (`id_upd`, `nama_upd`) VALUES
(1, 'Paskibra'),
(2, 'Basket'),
(3, 'Voli'),
(4, 'Android'),
(5, 'Catur');

-- --------------------------------------------------------

--
-- Table structure for table `tb_kategori`
--

CREATE TABLE `tb_kategori` (
  `id_kategori` int(15) NOT NULL,
  `nama_kategori` varchar(50) NOT NULL
) ENGINE=InnoDB DEFAULT CHARSET=utf8mb4;

--
-- Dumping data for table `tb_kategori`
--

INSERT INTO `tb_kategori` (`id_kategori`, `nama_kategori`) VALUES
(1, 'Pengetahuan'),
(2, 'Keterampilan');

-- --------------------------------------------------------

--
-- Table structure for table `tb_mapel`
--

CREATE TABLE `tb_mapel` (
  `id_mapel` int(11) NOT NULL,
  `mapel` varchar(50) NOT NULL
) ENGINE=InnoDB DEFAULT CHARSET=utf8mb4;

--
-- Dumping data for table `tb_mapel`
--

INSERT INTO `tb_mapel` (`id_mapel`, `mapel`) VALUES
(1, 'Pendidikan Agama Islam'),
(2, 'PPKN'),
(3, 'B. Indonesia'),
(4, 'Matematika'),
(5, 'Sejarah Indonesia'),
(6, 'B. Inggris');

-- --------------------------------------------------------

--
-- Table structure for table `tb_nilai`
--

CREATE TABLE `tb_nilai` (
  `id` int(11) NOT NULL,
  `id_mapel` int(11) NOT NULL,
  `id_jenis` int(11) NOT NULL,
  `id_kategori` int(11) NOT NULL,
  `nis` int(15) NOT NULL,
  `nilai` float NOT NULL
) ENGINE=InnoDB DEFAULT CHARSET=utf8mb4;

--
-- Dumping data for table `tb_nilai`
--

INSERT INTO `tb_nilai` (`id`, `id_mapel`, `id_jenis`, `id_kategori`, `nis`, `nilai`) VALUES
(2, 1, 1, 1, 11902230, 90),
(3, 1, 1, 2, 11902230, 0),
(4, 1, 2, 1, 11902230, 0),
(5, 1, 2, 2, 11902230, 0),
(6, 1, 3, 1, 11902230, 0),
(7, 1, 3, 2, 11902230, 0),
(8, 1, 4, 1, 11902230, 0),
(9, 1, 4, 2, 11902230, 0),
(10, 1, 5, 1, 11902230, 0),
(11, 1, 5, 2, 11902230, 0),
(12, 1, 6, 1, 11902230, 0),
(13, 1, 6, 2, 11902230, 0),
(14, 1, 7, 1, 11902230, 0),
(15, 1, 7, 2, 11902230, 0),
(16, 1, 8, 1, 11902230, 0),
(17, 1, 8, 2, 11902230, 0),
(18, 1, 9, 1, 11902230, 0),
(19, 1, 9, 2, 11902230, 0),
(20, 1, 10, 1, 11902230, 0),
(21, 1, 10, 2, 11902230, 0),
(22, 1, 11, 1, 11902230, 0),
(23, 1, 11, 2, 11902230, 0),
(24, 1, 12, 1, 11902230, 0),
(25, 1, 12, 2, 11902230, 0),
(26, 2, 1, 1, 11902230, 0),
(27, 2, 1, 2, 11902230, 0),
(28, 2, 2, 1, 11902230, 0),
(29, 2, 2, 2, 11902230, 0),
(30, 2, 3, 1, 11902230, 0),
(31, 2, 3, 2, 11902230, 0),
(32, 2, 4, 1, 11902230, 0),
(33, 2, 4, 2, 11902230, 0),
(34, 2, 5, 1, 11902230, 0),
(35, 2, 5, 2, 11902230, 0),
(36, 2, 6, 1, 11902230, 0),
(37, 2, 6, 2, 11902230, 0),
(38, 2, 7, 1, 11902230, 0),
(39, 2, 7, 2, 11902230, 0),
(40, 2, 8, 1, 11902230, 0),
(41, 2, 8, 2, 11902230, 0),
(42, 2, 9, 1, 11902230, 0),
(43, 2, 9, 2, 11902230, 0),
(44, 2, 10, 1, 11902230, 0),
(45, 2, 10, 2, 11902230, 0),
(46, 2, 11, 1, 11902230, 0),
(47, 2, 11, 2, 11902230, 0),
(48, 2, 12, 1, 11902230, 0),
(49, 2, 12, 2, 11902230, 0),
(50, 3, 1, 1, 11902230, 0),
(51, 3, 1, 2, 11902230, 0),
(52, 3, 2, 1, 11902230, 0),
(53, 3, 2, 2, 11902230, 0),
(54, 3, 3, 1, 11902230, 0),
(55, 3, 3, 2, 11902230, 0),
(56, 3, 4, 1, 11902230, 0),
(57, 3, 4, 2, 11902230, 0),
(58, 3, 5, 1, 11902230, 0),
(59, 3, 5, 2, 11902230, 0),
(60, 3, 6, 1, 11902230, 0),
(61, 3, 6, 2, 11902230, 0),
(62, 3, 7, 1, 11902230, 0),
(63, 3, 7, 2, 11902230, 0),
(64, 3, 8, 1, 11902230, 0),
(65, 3, 8, 2, 11902230, 0),
(66, 3, 9, 1, 11902230, 0),
(67, 3, 9, 2, 11902230, 0),
(68, 3, 10, 1, 11902230, 0),
(69, 3, 10, 2, 11902230, 0),
(70, 3, 11, 1, 11902230, 0),
(71, 3, 11, 2, 11902230, 0),
(72, 3, 12, 1, 11902230, 0),
(73, 3, 12, 2, 11902230, 0),
(74, 1, 1, 1, 11902231, 80),
(75, 1, 1, 2, 11902231, 0),
(76, 1, 2, 1, 11902231, 0),
(77, 1, 2, 2, 11902231, 0),
(78, 1, 3, 1, 11902231, 0),
(79, 1, 3, 2, 11902231, 0),
(80, 1, 4, 1, 11902231, 0),
(81, 1, 4, 2, 11902231, 0),
(82, 1, 5, 1, 11902231, 0),
(83, 1, 5, 2, 11902231, 0),
(84, 1, 6, 1, 11902231, 0),
(85, 1, 6, 2, 11902231, 0),
(86, 1, 7, 1, 11902231, 0),
(87, 1, 7, 2, 11902231, 0),
(88, 1, 8, 1, 11902231, 0),
(89, 1, 8, 2, 11902231, 0),
(90, 1, 9, 1, 11902231, 0),
(91, 1, 9, 2, 11902231, 0),
(92, 1, 10, 1, 11902231, 0),
(93, 1, 10, 2, 11902231, 0),
(94, 1, 11, 1, 11902231, 0),
(95, 1, 11, 2, 11902231, 0),
(96, 1, 12, 1, 11902231, 0),
(97, 1, 12, 2, 11902231, 0),
(98, 2, 1, 1, 11902231, 0),
(99, 2, 1, 2, 11902231, 0),
(100, 2, 2, 1, 11902231, 0),
(101, 2, 2, 2, 11902231, 0),
(102, 2, 3, 1, 11902231, 0),
(103, 2, 3, 2, 11902231, 0),
(104, 2, 4, 1, 11902231, 0),
(105, 2, 4, 2, 11902231, 0),
(106, 2, 5, 1, 11902231, 0),
(107, 2, 5, 2, 11902231, 0),
(108, 2, 6, 1, 11902231, 0),
(109, 2, 6, 2, 11902231, 0),
(110, 2, 7, 1, 11902231, 0),
(111, 2, 7, 2, 11902231, 0),
(112, 2, 8, 1, 11902231, 0),
(113, 2, 8, 2, 11902231, 0),
(114, 2, 9, 1, 11902231, 0),
(115, 2, 9, 2, 11902231, 0),
(116, 2, 10, 1, 11902231, 0),
(117, 2, 10, 2, 11902231, 0),
(118, 2, 11, 1, 11902231, 0),
(119, 2, 11, 2, 11902231, 0),
(120, 2, 12, 1, 11902231, 0),
(121, 2, 12, 2, 11902231, 0),
(122, 3, 1, 1, 11902231, 0),
(123, 3, 1, 2, 11902231, 0),
(124, 3, 2, 1, 11902231, 0),
(125, 3, 2, 2, 11902231, 0),
(126, 3, 3, 1, 11902231, 0),
(127, 3, 3, 2, 11902231, 0),
(128, 3, 4, 1, 11902231, 0),
(129, 3, 4, 2, 11902231, 0),
(130, 3, 5, 1, 11902231, 0),
(131, 3, 5, 2, 11902231, 0),
(132, 3, 6, 1, 11902231, 0),
(133, 3, 6, 2, 11902231, 0),
(134, 3, 7, 1, 11902231, 0),
(135, 3, 7, 2, 11902231, 0),
(136, 3, 8, 1, 11902231, 0),
(137, 3, 8, 2, 11902231, 0),
(138, 3, 9, 1, 11902231, 0),
(139, 3, 9, 2, 11902231, 0),
(140, 3, 10, 1, 11902231, 0),
(141, 3, 10, 2, 11902231, 0),
(142, 3, 11, 1, 11902231, 0),
(143, 3, 11, 2, 11902231, 0),
(144, 3, 12, 1, 11902231, 0),
(145, 3, 12, 2, 11902231, 0),
(146, 1, 1, 1, 11902232, 80),
(147, 1, 1, 2, 11902232, 0),
(148, 1, 2, 1, 11902232, 0),
(149, 1, 2, 2, 11902232, 0),
(150, 1, 3, 1, 11902232, 0),
(151, 1, 3, 2, 11902232, 0),
(152, 1, 4, 1, 11902232, 0),
(153, 1, 4, 2, 11902232, 0),
(154, 1, 5, 1, 11902232, 0),
(155, 1, 5, 2, 11902232, 0),
(156, 1, 6, 1, 11902232, 0),
(157, 1, 6, 2, 11902232, 0),
(158, 1, 7, 1, 11902232, 0),
(159, 1, 7, 2, 11902232, 0),
(160, 1, 8, 1, 11902232, 0),
(161, 1, 8, 2, 11902232, 0),
(162, 1, 9, 1, 11902232, 0),
(163, 1, 9, 2, 11902232, 0),
(164, 1, 10, 1, 11902232, 0),
(165, 1, 10, 2, 11902232, 0),
(166, 1, 11, 1, 11902232, 0),
(167, 1, 11, 2, 11902232, 0),
(168, 1, 12, 1, 11902232, 0),
(169, 1, 12, 2, 11902232, 0),
(170, 2, 1, 1, 11902232, 0),
(171, 2, 1, 2, 11902232, 0),
(172, 2, 2, 1, 11902232, 0),
(173, 2, 2, 2, 11902232, 0),
(174, 2, 3, 1, 11902232, 0),
(175, 2, 3, 2, 11902232, 0),
(176, 2, 4, 1, 11902232, 0),
(177, 2, 4, 2, 11902232, 0),
(178, 2, 5, 1, 11902232, 0),
(179, 2, 5, 2, 11902232, 0),
(180, 2, 6, 1, 11902232, 0),
(181, 2, 6, 2, 11902232, 0),
(182, 2, 7, 1, 11902232, 0),
(183, 2, 7, 2, 11902232, 0),
(184, 2, 8, 1, 11902232, 0),
(185, 2, 8, 2, 11902232, 0),
(186, 2, 9, 1, 11902232, 0),
(187, 2, 9, 2, 11902232, 0),
(188, 2, 10, 1, 11902232, 0),
(189, 2, 10, 2, 11902232, 0),
(190, 2, 11, 1, 11902232, 0),
(191, 2, 11, 2, 11902232, 0),
(192, 2, 12, 1, 11902232, 0),
(193, 2, 12, 2, 11902232, 0),
(194, 3, 1, 1, 11902232, 0),
(195, 3, 1, 2, 11902232, 0),
(196, 3, 2, 1, 11902232, 0),
(197, 3, 2, 2, 11902232, 0),
(198, 3, 3, 1, 11902232, 0),
(199, 3, 3, 2, 11902232, 0),
(200, 3, 4, 1, 11902232, 0),
(201, 3, 4, 2, 11902232, 0),
(202, 3, 5, 1, 11902232, 0),
(203, 3, 5, 2, 11902232, 0),
(204, 3, 6, 1, 11902232, 0),
(205, 3, 6, 2, 11902232, 0),
(206, 3, 7, 1, 11902232, 0),
(207, 3, 7, 2, 11902232, 0),
(208, 3, 8, 1, 11902232, 0),
(209, 3, 8, 2, 11902232, 0),
(210, 3, 9, 1, 11902232, 0),
(211, 3, 9, 2, 11902232, 0),
(212, 3, 10, 1, 11902232, 0),
(213, 3, 10, 2, 11902232, 0),
(214, 3, 11, 1, 11902232, 0),
(215, 3, 11, 2, 11902232, 0),
(216, 3, 12, 1, 11902232, 0),
(217, 3, 12, 2, 11902232, 0),
(218, 1, 1, 1, 11902233, 50),
(219, 1, 1, 2, 11902233, 80),
(220, 1, 2, 1, 11902233, 0),
(221, 1, 2, 2, 11902233, 0),
(222, 1, 3, 1, 11902233, 0),
(223, 1, 3, 2, 11902233, 0),
(224, 1, 4, 1, 11902233, 0),
(225, 1, 4, 2, 11902233, 0),
(226, 1, 5, 1, 11902233, 0),
(227, 1, 5, 2, 11902233, 0),
(228, 1, 6, 1, 11902233, 0),
(229, 1, 6, 2, 11902233, 0),
(230, 1, 7, 1, 11902233, 0),
(231, 1, 7, 2, 11902233, 0),
(232, 1, 8, 1, 11902233, 0),
(233, 1, 8, 2, 11902233, 0),
(234, 1, 9, 1, 11902233, 0),
(235, 1, 9, 2, 11902233, 0),
(236, 1, 10, 1, 11902233, 0),
(237, 1, 10, 2, 11902233, 0),
(238, 1, 11, 1, 11902233, 0),
(239, 1, 11, 2, 11902233, 0),
(240, 1, 12, 1, 11902233, 0),
(241, 1, 12, 2, 11902233, 0),
(242, 2, 1, 1, 11902233, 0),
(243, 2, 1, 2, 11902233, 0),
(244, 2, 2, 1, 11902233, 0),
(245, 2, 2, 2, 11902233, 0),
(246, 2, 3, 1, 11902233, 0),
(247, 2, 3, 2, 11902233, 0),
(248, 2, 4, 1, 11902233, 0),
(249, 2, 4, 2, 11902233, 0),
(250, 2, 5, 1, 11902233, 0),
(251, 2, 5, 2, 11902233, 0),
(252, 2, 6, 1, 11902233, 0),
(253, 2, 6, 2, 11902233, 0),
(254, 2, 7, 1, 11902233, 0),
(255, 2, 7, 2, 11902233, 0),
(256, 2, 8, 1, 11902233, 0),
(257, 2, 8, 2, 11902233, 0),
(258, 2, 9, 1, 11902233, 0),
(259, 2, 9, 2, 11902233, 0),
(260, 2, 10, 1, 11902233, 0),
(261, 2, 10, 2, 11902233, 0),
(262, 2, 11, 1, 11902233, 0),
(263, 2, 11, 2, 11902233, 0),
(264, 2, 12, 1, 11902233, 0),
(265, 2, 12, 2, 11902233, 0),
(266, 3, 1, 1, 11902233, 0),
(267, 3, 1, 2, 11902233, 0),
(268, 3, 2, 1, 11902233, 0),
(269, 3, 2, 2, 11902233, 0),
(270, 3, 3, 1, 11902233, 0),
(271, 3, 3, 2, 11902233, 0),
(272, 3, 4, 1, 11902233, 0),
(273, 3, 4, 2, 11902233, 0),
(274, 3, 5, 1, 11902233, 0),
(275, 3, 5, 2, 11902233, 0),
(276, 3, 6, 1, 11902233, 0),
(277, 3, 6, 2, 11902233, 0),
(278, 3, 7, 1, 11902233, 0),
(279, 3, 7, 2, 11902233, 0),
(280, 3, 8, 1, 11902233, 0),
(281, 3, 8, 2, 11902233, 0),
(282, 3, 9, 1, 11902233, 0),
(283, 3, 9, 2, 11902233, 0),
(284, 3, 10, 1, 11902233, 0),
(285, 3, 10, 2, 11902233, 0),
(286, 3, 11, 1, 11902233, 0),
(287, 3, 11, 2, 11902233, 0),
(288, 3, 12, 1, 11902233, 0),
(289, 3, 12, 2, 11902233, 0),
(290, 1, 1, 1, 11902234, 50),
(291, 1, 1, 2, 11902234, 80),
(292, 1, 2, 1, 11902234, 0),
(293, 1, 2, 2, 11902234, 0),
(294, 1, 3, 1, 11902234, 0),
(295, 1, 3, 2, 11902234, 0),
(296, 1, 4, 1, 11902234, 0),
(297, 1, 4, 2, 11902234, 0),
(298, 1, 5, 1, 11902234, 0),
(299, 1, 5, 2, 11902234, 0),
(300, 1, 6, 1, 11902234, 0),
(301, 1, 6, 2, 11902234, 0),
(302, 1, 7, 1, 11902234, 0),
(303, 1, 7, 2, 11902234, 0),
(304, 1, 8, 1, 11902234, 0),
(305, 1, 8, 2, 11902234, 0),
(306, 1, 9, 1, 11902234, 0),
(307, 1, 9, 2, 11902234, 0),
(308, 1, 10, 1, 11902234, 0),
(309, 1, 10, 2, 11902234, 0),
(310, 1, 11, 1, 11902234, 0),
(311, 1, 11, 2, 11902234, 0),
(312, 1, 12, 1, 11902234, 0),
(313, 1, 12, 2, 11902234, 0),
(314, 2, 1, 1, 11902234, 0),
(315, 2, 1, 2, 11902234, 0),
(316, 2, 2, 1, 11902234, 0),
(317, 2, 2, 2, 11902234, 0),
(318, 2, 3, 1, 11902234, 0),
(319, 2, 3, 2, 11902234, 0),
(320, 2, 4, 1, 11902234, 0),
(321, 2, 4, 2, 11902234, 0),
(322, 2, 5, 1, 11902234, 0),
(323, 2, 5, 2, 11902234, 0),
(324, 2, 6, 1, 11902234, 0),
(325, 2, 6, 2, 11902234, 0),
(326, 2, 7, 1, 11902234, 0),
(327, 2, 7, 2, 11902234, 0),
(328, 2, 8, 1, 11902234, 0),
(329, 2, 8, 2, 11902234, 0),
(330, 2, 9, 1, 11902234, 0),
(331, 2, 9, 2, 11902234, 0),
(332, 2, 10, 1, 11902234, 0),
(333, 2, 10, 2, 11902234, 0),
(334, 2, 11, 1, 11902234, 0),
(335, 2, 11, 2, 11902234, 0),
(336, 2, 12, 1, 11902234, 0),
(337, 2, 12, 2, 11902234, 0),
(338, 3, 1, 1, 11902234, 0),
(339, 3, 1, 2, 11902234, 0),
(340, 3, 2, 1, 11902234, 0),
(341, 3, 2, 2, 11902234, 0),
(342, 3, 3, 1, 11902234, 0),
(343, 3, 3, 2, 11902234, 0),
(344, 3, 4, 1, 11902234, 0),
(345, 3, 4, 2, 11902234, 0),
(346, 3, 5, 1, 11902234, 0),
(347, 3, 5, 2, 11902234, 0),
(348, 3, 6, 1, 11902234, 0),
(349, 3, 6, 2, 11902234, 0),
(350, 3, 7, 1, 11902234, 0),
(351, 3, 7, 2, 11902234, 0),
(352, 3, 8, 1, 11902234, 0),
(353, 3, 8, 2, 11902234, 0),
(354, 3, 9, 1, 11902234, 0),
(355, 3, 9, 2, 11902234, 0),
(356, 3, 10, 1, 11902234, 0),
(357, 3, 10, 2, 11902234, 0),
(358, 3, 11, 1, 11902234, 0),
(359, 3, 11, 2, 11902234, 0),
(360, 3, 12, 1, 11902234, 0),
(361, 3, 12, 2, 11902234, 0),
(513, 1, 1, 1, 11902235, 50),
(514, 1, 1, 2, 11902235, 80),
(515, 1, 2, 1, 11902235, 0),
(516, 1, 2, 2, 11902235, 0),
(517, 1, 3, 1, 11902235, 0),
(518, 1, 3, 2, 11902235, 0),
(519, 1, 4, 1, 11902235, 0),
(520, 1, 4, 2, 11902235, 0),
(521, 1, 5, 1, 11902235, 0),
(522, 1, 5, 2, 11902235, 0),
(523, 1, 6, 1, 11902235, 0),
(524, 1, 6, 2, 11902235, 0),
(525, 1, 7, 1, 11902235, 0),
(526, 1, 7, 2, 11902235, 0),
(527, 1, 8, 1, 11902235, 0),
(528, 1, 8, 2, 11902235, 0),
(529, 1, 9, 1, 11902235, 0),
(530, 1, 9, 2, 11902235, 0),
(531, 1, 10, 1, 11902235, 0),
(532, 1, 10, 2, 11902235, 0),
(533, 1, 11, 1, 11902235, 0),
(534, 1, 11, 2, 11902235, 0),
(535, 1, 12, 1, 11902235, 0),
(536, 1, 12, 2, 11902235, 0),
(537, 2, 1, 1, 11902235, 0),
(538, 2, 1, 2, 11902235, 0),
(539, 2, 2, 1, 11902235, 0),
(540, 2, 2, 2, 11902235, 0),
(541, 2, 3, 1, 11902235, 0),
(542, 2, 3, 2, 11902235, 0),
(543, 2, 4, 1, 11902235, 0),
(544, 2, 4, 2, 11902235, 0),
(545, 2, 5, 1, 11902235, 0),
(546, 2, 5, 2, 11902235, 0),
(547, 2, 6, 1, 11902235, 0),
(548, 2, 6, 2, 11902235, 0),
(549, 2, 7, 1, 11902235, 0),
(550, 2, 7, 2, 11902235, 0),
(551, 2, 8, 1, 11902235, 0),
(552, 2, 8, 2, 11902235, 0),
(553, 2, 9, 1, 11902235, 0),
(554, 2, 9, 2, 11902235, 0),
(555, 2, 10, 1, 11902235, 0),
(556, 2, 10, 2, 11902235, 0),
(557, 2, 11, 1, 11902235, 0),
(558, 2, 11, 2, 11902235, 0),
(559, 2, 12, 1, 11902235, 0),
(560, 2, 12, 2, 11902235, 0),
(561, 3, 1, 1, 11902235, 0),
(562, 3, 1, 2, 11902235, 0),
(563, 3, 2, 1, 11902235, 0),
(564, 3, 2, 2, 11902235, 0),
(565, 3, 3, 1, 11902235, 0),
(566, 3, 3, 2, 11902235, 0),
(567, 3, 4, 1, 11902235, 0),
(568, 3, 4, 2, 11902235, 0),
(569, 3, 5, 1, 11902235, 0),
(570, 3, 5, 2, 11902235, 0),
(571, 3, 6, 1, 11902235, 0),
(572, 3, 6, 2, 11902235, 0),
(573, 3, 7, 1, 11902235, 0),
(574, 3, 7, 2, 11902235, 0),
(575, 3, 8, 1, 11902235, 0),
(576, 3, 8, 2, 11902235, 0),
(577, 3, 9, 1, 11902235, 0),
(578, 3, 9, 2, 11902235, 0),
(579, 3, 10, 1, 11902235, 0),
(580, 3, 10, 2, 11902235, 0),
(581, 3, 11, 1, 11902235, 0),
(582, 3, 11, 2, 11902235, 0),
(583, 3, 12, 1, 11902235, 0),
(584, 3, 12, 2, 11902235, 0),
(585, 1, 1, 1, 11902236, 0),
(586, 1, 1, 2, 11902236, 0),
(587, 1, 2, 1, 11902236, 0),
(588, 1, 2, 2, 11902236, 0),
(589, 1, 3, 1, 11902236, 0),
(590, 1, 3, 2, 11902236, 0),
(591, 1, 4, 1, 11902236, 0),
(592, 1, 4, 2, 11902236, 0),
(593, 1, 5, 1, 11902236, 0),
(594, 1, 5, 2, 11902236, 0),
(595, 1, 6, 1, 11902236, 0),
(596, 1, 6, 2, 11902236, 0),
(597, 1, 7, 1, 11902236, 0),
(598, 1, 7, 2, 11902236, 0),
(599, 1, 8, 1, 11902236, 0),
(600, 1, 8, 2, 11902236, 0),
(601, 1, 9, 1, 11902236, 0),
(602, 1, 9, 2, 11902236, 0),
(603, 1, 10, 1, 11902236, 0),
(604, 1, 10, 2, 11902236, 0),
(605, 1, 11, 1, 11902236, 0),
(606, 1, 11, 2, 11902236, 0),
(607, 1, 12, 1, 11902236, 0),
(608, 1, 12, 2, 11902236, 0),
(609, 2, 1, 1, 11902236, 0),
(610, 2, 1, 2, 11902236, 0),
(611, 2, 2, 1, 11902236, 0),
(612, 2, 2, 2, 11902236, 0),
(613, 2, 3, 1, 11902236, 0),
(614, 2, 3, 2, 11902236, 0),
(615, 2, 4, 1, 11902236, 0),
(616, 2, 4, 2, 11902236, 0),
(617, 2, 5, 1, 11902236, 0),
(618, 2, 5, 2, 11902236, 0),
(619, 2, 6, 1, 11902236, 0),
(620, 2, 6, 2, 11902236, 0),
(621, 2, 7, 1, 11902236, 0),
(622, 2, 7, 2, 11902236, 0),
(623, 2, 8, 1, 11902236, 0),
(624, 2, 8, 2, 11902236, 0),
(625, 2, 9, 1, 11902236, 0),
(626, 2, 9, 2, 11902236, 0),
(627, 2, 10, 1, 11902236, 0),
(628, 2, 10, 2, 11902236, 0),
(629, 2, 11, 1, 11902236, 0),
(630, 2, 11, 2, 11902236, 0),
(631, 2, 12, 1, 11902236, 0),
(632, 2, 12, 2, 11902236, 0),
(633, 3, 1, 1, 11902236, 0),
(634, 3, 1, 2, 11902236, 0),
(635, 3, 2, 1, 11902236, 0),
(636, 3, 2, 2, 11902236, 0),
(637, 3, 3, 1, 11902236, 0),
(638, 3, 3, 2, 11902236, 0),
(639, 3, 4, 1, 11902236, 0),
(640, 3, 4, 2, 11902236, 0),
(641, 3, 5, 1, 11902236, 0),
(642, 3, 5, 2, 11902236, 0),
(643, 3, 6, 1, 11902236, 0),
(644, 3, 6, 2, 11902236, 0),
(645, 3, 7, 1, 11902236, 0),
(646, 3, 7, 2, 11902236, 0),
(647, 3, 8, 1, 11902236, 0),
(648, 3, 8, 2, 11902236, 0),
(649, 3, 9, 1, 11902236, 0),
(650, 3, 9, 2, 11902236, 0),
(651, 3, 10, 1, 11902236, 0),
(652, 3, 10, 2, 11902236, 0),
(653, 3, 11, 1, 11902236, 0),
(654, 3, 11, 2, 11902236, 0),
(655, 3, 12, 1, 11902236, 0),
(656, 3, 12, 2, 11902236, 0),
(657, 1, 1, 1, 11902237, 0),
(658, 1, 1, 2, 11902237, 0),
(659, 1, 2, 1, 11902237, 0),
(660, 1, 2, 2, 11902237, 0),
(661, 1, 3, 1, 11902237, 0),
(662, 1, 3, 2, 11902237, 0),
(663, 1, 4, 1, 11902237, 0),
(664, 1, 4, 2, 11902237, 0),
(665, 1, 5, 1, 11902237, 0),
(666, 1, 5, 2, 11902237, 0),
(667, 1, 6, 1, 11902237, 0),
(668, 1, 6, 2, 11902237, 0),
(669, 1, 7, 1, 11902237, 0),
(670, 1, 7, 2, 11902237, 0),
(671, 1, 8, 1, 11902237, 0),
(672, 1, 8, 2, 11902237, 0),
(673, 1, 9, 1, 11902237, 0),
(674, 1, 9, 2, 11902237, 0),
(675, 1, 10, 1, 11902237, 0),
(676, 1, 10, 2, 11902237, 0),
(677, 1, 11, 1, 11902237, 0),
(678, 1, 11, 2, 11902237, 0),
(679, 1, 12, 1, 11902237, 0),
(680, 1, 12, 2, 11902237, 0),
(681, 2, 1, 1, 11902237, 0),
(682, 2, 1, 2, 11902237, 0),
(683, 2, 2, 1, 11902237, 0),
(684, 2, 2, 2, 11902237, 0),
(685, 2, 3, 1, 11902237, 0),
(686, 2, 3, 2, 11902237, 0),
(687, 2, 4, 1, 11902237, 0),
(688, 2, 4, 2, 11902237, 0),
(689, 2, 5, 1, 11902237, 0),
(690, 2, 5, 2, 11902237, 0),
(691, 2, 6, 1, 11902237, 0),
(692, 2, 6, 2, 11902237, 0),
(693, 2, 7, 1, 11902237, 0),
(694, 2, 7, 2, 11902237, 0),
(695, 2, 8, 1, 11902237, 0),
(696, 2, 8, 2, 11902237, 0),
(697, 2, 9, 1, 11902237, 0),
(698, 2, 9, 2, 11902237, 0),
(699, 2, 10, 1, 11902237, 0),
(700, 2, 10, 2, 11902237, 0),
(701, 2, 11, 1, 11902237, 0),
(702, 2, 11, 2, 11902237, 0),
(703, 2, 12, 1, 11902237, 0),
(704, 2, 12, 2, 11902237, 0),
(705, 3, 1, 1, 11902237, 0),
(706, 3, 1, 2, 11902237, 0),
(707, 3, 2, 1, 11902237, 0),
(708, 3, 2, 2, 11902237, 0),
(709, 3, 3, 1, 11902237, 0),
(710, 3, 3, 2, 11902237, 0),
(711, 3, 4, 1, 11902237, 0),
(712, 3, 4, 2, 11902237, 0),
(713, 3, 5, 1, 11902237, 0),
(714, 3, 5, 2, 11902237, 0),
(715, 3, 6, 1, 11902237, 0),
(716, 3, 6, 2, 11902237, 0),
(717, 3, 7, 1, 11902237, 0),
(718, 3, 7, 2, 11902237, 0),
(719, 3, 8, 1, 11902237, 0),
(720, 3, 8, 2, 11902237, 0),
(721, 3, 9, 1, 11902237, 0),
(722, 3, 9, 2, 11902237, 0),
(723, 3, 10, 1, 11902237, 0),
(724, 3, 10, 2, 11902237, 0),
(725, 3, 11, 1, 11902237, 0),
(726, 3, 11, 2, 11902237, 0),
(727, 3, 12, 1, 11902237, 0),
(728, 3, 12, 2, 11902237, 0),
(729, 1, 1, 1, 11902238, 0),
(730, 1, 1, 2, 11902238, 0),
(731, 1, 2, 1, 11902238, 0),
(732, 1, 2, 2, 11902238, 0),
(733, 1, 3, 1, 11902238, 0),
(734, 1, 3, 2, 11902238, 0),
(735, 1, 4, 1, 11902238, 0),
(736, 1, 4, 2, 11902238, 0),
(737, 1, 5, 1, 11902238, 0),
(738, 1, 5, 2, 11902238, 0),
(739, 1, 6, 1, 11902238, 0),
(740, 1, 6, 2, 11902238, 0),
(741, 1, 7, 1, 11902238, 0),
(742, 1, 7, 2, 11902238, 0),
(743, 1, 8, 1, 11902238, 0),
(744, 1, 8, 2, 11902238, 0),
(745, 1, 9, 1, 11902238, 0),
(746, 1, 9, 2, 11902238, 0),
(747, 1, 10, 1, 11902238, 0),
(748, 1, 10, 2, 11902238, 0),
(749, 1, 11, 1, 11902238, 0),
(750, 1, 11, 2, 11902238, 0),
(751, 1, 12, 1, 11902238, 0),
(752, 1, 12, 2, 11902238, 0),
(753, 2, 1, 1, 11902238, 0),
(754, 2, 1, 2, 11902238, 0),
(755, 2, 2, 1, 11902238, 0),
(756, 2, 2, 2, 11902238, 0),
(757, 2, 3, 1, 11902238, 0),
(758, 2, 3, 2, 11902238, 0),
(759, 2, 4, 1, 11902238, 0),
(760, 2, 4, 2, 11902238, 0),
(761, 2, 5, 1, 11902238, 0),
(762, 2, 5, 2, 11902238, 0),
(763, 2, 6, 1, 11902238, 0),
(764, 2, 6, 2, 11902238, 0),
(765, 2, 7, 1, 11902238, 0),
(766, 2, 7, 2, 11902238, 0),
(767, 2, 8, 1, 11902238, 0),
(768, 2, 8, 2, 11902238, 0),
(769, 2, 9, 1, 11902238, 0),
(770, 2, 9, 2, 11902238, 0),
(771, 2, 10, 1, 11902238, 0),
(772, 2, 10, 2, 11902238, 0),
(773, 2, 11, 1, 11902238, 0),
(774, 2, 11, 2, 11902238, 0),
(775, 2, 12, 1, 11902238, 0),
(776, 2, 12, 2, 11902238, 0),
(777, 3, 1, 1, 11902238, 0),
(778, 3, 1, 2, 11902238, 0),
(779, 3, 2, 1, 11902238, 0),
(780, 3, 2, 2, 11902238, 0),
(781, 3, 3, 1, 11902238, 0),
(782, 3, 3, 2, 11902238, 0),
(783, 3, 4, 1, 11902238, 0),
(784, 3, 4, 2, 11902238, 0),
(785, 3, 5, 1, 11902238, 0),
(786, 3, 5, 2, 11902238, 0),
(787, 3, 6, 1, 11902238, 0),
(788, 3, 6, 2, 11902238, 0),
(789, 3, 7, 1, 11902238, 0),
(790, 3, 7, 2, 11902238, 0),
(791, 3, 8, 1, 11902238, 0),
(792, 3, 8, 2, 11902238, 0),
(793, 3, 9, 1, 11902238, 0),
(794, 3, 9, 2, 11902238, 0),
(795, 3, 10, 1, 11902238, 0),
(796, 3, 10, 2, 11902238, 0),
(797, 3, 11, 1, 11902238, 0),
(798, 3, 11, 2, 11902238, 0),
(799, 3, 12, 1, 11902238, 0),
(800, 3, 12, 2, 11902238, 0),
(801, 1, 1, 1, 11902239, 0),
(802, 1, 1, 2, 11902239, 0),
(803, 1, 2, 1, 11902239, 0),
(804, 1, 2, 2, 11902239, 0),
(805, 1, 3, 1, 11902239, 0),
(806, 1, 3, 2, 11902239, 0),
(807, 1, 4, 1, 11902239, 0),
(808, 1, 4, 2, 11902239, 0),
(809, 1, 5, 1, 11902239, 0),
(810, 1, 5, 2, 11902239, 0),
(811, 1, 6, 1, 11902239, 0),
(812, 1, 6, 2, 11902239, 0),
(813, 1, 7, 1, 11902239, 0),
(814, 1, 7, 2, 11902239, 0),
(815, 1, 8, 1, 11902239, 0),
(816, 1, 8, 2, 11902239, 0),
(817, 1, 9, 1, 11902239, 0),
(818, 1, 9, 2, 11902239, 0),
(819, 1, 10, 1, 11902239, 0),
(820, 1, 10, 2, 11902239, 0),
(821, 1, 11, 1, 11902239, 0),
(822, 1, 11, 2, 11902239, 0),
(823, 1, 12, 1, 11902239, 0),
(824, 1, 12, 2, 11902239, 0),
(825, 2, 1, 1, 11902239, 0),
(826, 2, 1, 2, 11902239, 0),
(827, 2, 2, 1, 11902239, 0),
(828, 2, 2, 2, 11902239, 0),
(829, 2, 3, 1, 11902239, 0),
(830, 2, 3, 2, 11902239, 0),
(831, 2, 4, 1, 11902239, 0),
(832, 2, 4, 2, 11902239, 0),
(833, 2, 5, 1, 11902239, 0),
(834, 2, 5, 2, 11902239, 0),
(835, 2, 6, 1, 11902239, 0),
(836, 2, 6, 2, 11902239, 0),
(837, 2, 7, 1, 11902239, 0),
(838, 2, 7, 2, 11902239, 0),
(839, 2, 8, 1, 11902239, 0),
(840, 2, 8, 2, 11902239, 0),
(841, 2, 9, 1, 11902239, 0),
(842, 2, 9, 2, 11902239, 0),
(843, 2, 10, 1, 11902239, 0),
(844, 2, 10, 2, 11902239, 0),
(845, 2, 11, 1, 11902239, 0),
(846, 2, 11, 2, 11902239, 0),
(847, 2, 12, 1, 11902239, 0),
(848, 2, 12, 2, 11902239, 0),
(849, 3, 1, 1, 11902239, 0),
(850, 3, 1, 2, 11902239, 0),
(851, 3, 2, 1, 11902239, 0),
(852, 3, 2, 2, 11902239, 0),
(853, 3, 3, 1, 11902239, 0),
(854, 3, 3, 2, 11902239, 0),
(855, 3, 4, 1, 11902239, 0),
(856, 3, 4, 2, 11902239, 0),
(857, 3, 5, 1, 11902239, 0),
(858, 3, 5, 2, 11902239, 0),
(859, 3, 6, 1, 11902239, 0),
(860, 3, 6, 2, 11902239, 0),
(861, 3, 7, 1, 11902239, 0),
(862, 3, 7, 2, 11902239, 0),
(863, 3, 8, 1, 11902239, 0),
(864, 3, 8, 2, 11902239, 0),
(865, 3, 9, 1, 11902239, 0),
(866, 3, 9, 2, 11902239, 0),
(867, 3, 10, 1, 11902239, 0),
(868, 3, 10, 2, 11902239, 0),
(869, 3, 11, 1, 11902239, 0),
(870, 3, 11, 2, 11902239, 0),
(871, 3, 12, 1, 11902239, 0),
(872, 3, 12, 2, 11902239, 0),
(1024, 1, 1, 1, 11902240, 0),
(1025, 1, 1, 2, 11902240, 0),
(1026, 1, 2, 1, 11902240, 0),
(1027, 1, 2, 2, 11902240, 0),
(1028, 1, 3, 1, 11902240, 0),
(1029, 1, 3, 2, 11902240, 0),
(1030, 1, 4, 1, 11902240, 0),
(1031, 1, 4, 2, 11902240, 0),
(1032, 1, 5, 1, 11902240, 0),
(1033, 1, 5, 2, 11902240, 0),
(1034, 1, 6, 1, 11902240, 0),
(1035, 1, 6, 2, 11902240, 0),
(1036, 1, 7, 1, 11902240, 0),
(1037, 1, 7, 2, 11902240, 0),
(1038, 1, 8, 1, 11902240, 0),
(1039, 1, 8, 2, 11902240, 0),
(1040, 1, 9, 1, 11902240, 0),
(1041, 1, 9, 2, 11902240, 0),
(1042, 1, 10, 1, 11902240, 0),
(1043, 1, 10, 2, 11902240, 0),
(1044, 1, 11, 1, 11902240, 0),
(1045, 1, 11, 2, 11902240, 0),
(1046, 1, 12, 1, 11902240, 0),
(1047, 1, 12, 2, 11902240, 0),
(1048, 2, 1, 1, 11902240, 0),
(1049, 2, 1, 2, 11902240, 0),
(1050, 2, 2, 1, 11902240, 0),
(1051, 2, 2, 2, 11902240, 0),
(1052, 2, 3, 1, 11902240, 0),
(1053, 2, 3, 2, 11902240, 0),
(1054, 2, 4, 1, 11902240, 0),
(1055, 2, 4, 2, 11902240, 0),
(1056, 2, 5, 1, 11902240, 0),
(1057, 2, 5, 2, 11902240, 0),
(1058, 2, 6, 1, 11902240, 0),
(1059, 2, 6, 2, 11902240, 0),
(1060, 2, 7, 1, 11902240, 0),
(1061, 2, 7, 2, 11902240, 0),
(1062, 2, 8, 1, 11902240, 0),
(1063, 2, 8, 2, 11902240, 0),
(1064, 2, 9, 1, 11902240, 0),
(1065, 2, 9, 2, 11902240, 0),
(1066, 2, 10, 1, 11902240, 0),
(1067, 2, 10, 2, 11902240, 0),
(1068, 2, 11, 1, 11902240, 0),
(1069, 2, 11, 2, 11902240, 0),
(1070, 2, 12, 1, 11902240, 0),
(1071, 2, 12, 2, 11902240, 0),
(1072, 3, 1, 1, 11902240, 0),
(1073, 3, 1, 2, 11902240, 0),
(1074, 3, 2, 1, 11902240, 0),
(1075, 3, 2, 2, 11902240, 0),
(1076, 3, 3, 1, 11902240, 0),
(1077, 3, 3, 2, 11902240, 0),
(1078, 3, 4, 1, 11902240, 0),
(1079, 3, 4, 2, 11902240, 0),
(1080, 3, 5, 1, 11902240, 0),
(1081, 3, 5, 2, 11902240, 0),
(1082, 3, 6, 1, 11902240, 0),
(1083, 3, 6, 2, 11902240, 0),
(1084, 3, 7, 1, 11902240, 0),
(1085, 3, 7, 2, 11902240, 0),
(1086, 3, 8, 1, 11902240, 0),
(1087, 3, 8, 2, 11902240, 0),
(1088, 3, 9, 1, 11902240, 0),
(1089, 3, 9, 2, 11902240, 0),
(1090, 3, 10, 1, 11902240, 0),
(1091, 3, 10, 2, 11902240, 0),
(1092, 3, 11, 1, 11902240, 0),
(1093, 3, 11, 2, 11902240, 0),
(1094, 3, 12, 1, 11902240, 0),
(1095, 3, 12, 2, 11902240, 0),
(1096, 1, 1, 1, 11902241, 0),
(1097, 1, 1, 2, 11902241, 0),
(1098, 1, 2, 1, 11902241, 0),
(1099, 1, 2, 2, 11902241, 0),
(1100, 1, 3, 1, 11902241, 0),
(1101, 1, 3, 2, 11902241, 0),
(1102, 1, 4, 1, 11902241, 0),
(1103, 1, 4, 2, 11902241, 0),
(1104, 1, 5, 1, 11902241, 0),
(1105, 1, 5, 2, 11902241, 0),
(1106, 1, 6, 1, 11902241, 0),
(1107, 1, 6, 2, 11902241, 0),
(1108, 1, 7, 1, 11902241, 0),
(1109, 1, 7, 2, 11902241, 0),
(1110, 1, 8, 1, 11902241, 0),
(1111, 1, 8, 2, 11902241, 0),
(1112, 1, 9, 1, 11902241, 0),
(1113, 1, 9, 2, 11902241, 0),
(1114, 1, 10, 1, 11902241, 0),
(1115, 1, 10, 2, 11902241, 0),
(1116, 1, 11, 1, 11902241, 0),
(1117, 1, 11, 2, 11902241, 0),
(1118, 1, 12, 1, 11902241, 0),
(1119, 1, 12, 2, 11902241, 0),
(1120, 2, 1, 1, 11902241, 0),
(1121, 2, 1, 2, 11902241, 0),
(1122, 2, 2, 1, 11902241, 0),
(1123, 2, 2, 2, 11902241, 0),
(1124, 2, 3, 1, 11902241, 0),
(1125, 2, 3, 2, 11902241, 0),
(1126, 2, 4, 1, 11902241, 0),
(1127, 2, 4, 2, 11902241, 0),
(1128, 2, 5, 1, 11902241, 0),
(1129, 2, 5, 2, 11902241, 0),
(1130, 2, 6, 1, 11902241, 0),
(1131, 2, 6, 2, 11902241, 0),
(1132, 2, 7, 1, 11902241, 0),
(1133, 2, 7, 2, 11902241, 0),
(1134, 2, 8, 1, 11902241, 0),
(1135, 2, 8, 2, 11902241, 0),
(1136, 2, 9, 1, 11902241, 0),
(1137, 2, 9, 2, 11902241, 0),
(1138, 2, 10, 1, 11902241, 0),
(1139, 2, 10, 2, 11902241, 0),
(1140, 2, 11, 1, 11902241, 0),
(1141, 2, 11, 2, 11902241, 0),
(1142, 2, 12, 1, 11902241, 0),
(1143, 2, 12, 2, 11902241, 0),
(1144, 3, 1, 1, 11902241, 0),
(1145, 3, 1, 2, 11902241, 0),
(1146, 3, 2, 1, 11902241, 0),
(1147, 3, 2, 2, 11902241, 0),
(1148, 3, 3, 1, 11902241, 0),
(1149, 3, 3, 2, 11902241, 0),
(1150, 3, 4, 1, 11902241, 0),
(1151, 3, 4, 2, 11902241, 0),
(1152, 3, 5, 1, 11902241, 0),
(1153, 3, 5, 2, 11902241, 0),
(1154, 3, 6, 1, 11902241, 0),
(1155, 3, 6, 2, 11902241, 0),
(1156, 3, 7, 1, 11902241, 0),
(1157, 3, 7, 2, 11902241, 0),
(1158, 3, 8, 1, 11902241, 0),
(1159, 3, 8, 2, 11902241, 0),
(1160, 3, 9, 1, 11902241, 0),
(1161, 3, 9, 2, 11902241, 0),
(1162, 3, 10, 1, 11902241, 0),
(1163, 3, 10, 2, 11902241, 0),
(1164, 3, 11, 1, 11902241, 0),
(1165, 3, 11, 2, 11902241, 0),
(1166, 3, 12, 1, 11902241, 0),
(1167, 3, 12, 2, 11902241, 0),
(1168, 1, 1, 1, 11902242, 0),
(1169, 1, 1, 2, 11902242, 0),
(1170, 1, 2, 1, 11902242, 0),
(1171, 1, 2, 2, 11902242, 0),
(1172, 1, 3, 1, 11902242, 0),
(1173, 1, 3, 2, 11902242, 0),
(1174, 1, 4, 1, 11902242, 0),
(1175, 1, 4, 2, 11902242, 0),
(1176, 1, 5, 1, 11902242, 0),
(1177, 1, 5, 2, 11902242, 0),
(1178, 1, 6, 1, 11902242, 0),
(1179, 1, 6, 2, 11902242, 0),
(1180, 1, 7, 1, 11902242, 0),
(1181, 1, 7, 2, 11902242, 0),
(1182, 1, 8, 1, 11902242, 0),
(1183, 1, 8, 2, 11902242, 0),
(1184, 1, 9, 1, 11902242, 0),
(1185, 1, 9, 2, 11902242, 0),
(1186, 1, 10, 1, 11902242, 0),
(1187, 1, 10, 2, 11902242, 0),
(1188, 1, 11, 1, 11902242, 0),
(1189, 1, 11, 2, 11902242, 0),
(1190, 1, 12, 1, 11902242, 0),
(1191, 1, 12, 2, 11902242, 0),
(1192, 2, 1, 1, 11902242, 0),
(1193, 2, 1, 2, 11902242, 0),
(1194, 2, 2, 1, 11902242, 0),
(1195, 2, 2, 2, 11902242, 0),
(1196, 2, 3, 1, 11902242, 0),
(1197, 2, 3, 2, 11902242, 0),
(1198, 2, 4, 1, 11902242, 0),
(1199, 2, 4, 2, 11902242, 0),
(1200, 2, 5, 1, 11902242, 0),
(1201, 2, 5, 2, 11902242, 0),
(1202, 2, 6, 1, 11902242, 0),
(1203, 2, 6, 2, 11902242, 0),
(1204, 2, 7, 1, 11902242, 0),
(1205, 2, 7, 2, 11902242, 0),
(1206, 2, 8, 1, 11902242, 0),
(1207, 2, 8, 2, 11902242, 0),
(1208, 2, 9, 1, 11902242, 0),
(1209, 2, 9, 2, 11902242, 0),
(1210, 2, 10, 1, 11902242, 0),
(1211, 2, 10, 2, 11902242, 0),
(1212, 2, 11, 1, 11902242, 0),
(1213, 2, 11, 2, 11902242, 0),
(1214, 2, 12, 1, 11902242, 0),
(1215, 2, 12, 2, 11902242, 0),
(1216, 3, 1, 1, 11902242, 0),
(1217, 3, 1, 2, 11902242, 0),
(1218, 3, 2, 1, 11902242, 0),
(1219, 3, 2, 2, 11902242, 0),
(1220, 3, 3, 1, 11902242, 0),
(1221, 3, 3, 2, 11902242, 0),
(1222, 3, 4, 1, 11902242, 0),
(1223, 3, 4, 2, 11902242, 0),
(1224, 3, 5, 1, 11902242, 0),
(1225, 3, 5, 2, 11902242, 0),
(1226, 3, 6, 1, 11902242, 0),
(1227, 3, 6, 2, 11902242, 0),
(1228, 3, 7, 1, 11902242, 0),
(1229, 3, 7, 2, 11902242, 0),
(1230, 3, 8, 1, 11902242, 0),
(1231, 3, 8, 2, 11902242, 0),
(1232, 3, 9, 1, 11902242, 0),
(1233, 3, 9, 2, 11902242, 0),
(1234, 3, 10, 1, 11902242, 0),
(1235, 3, 10, 2, 11902242, 0),
(1236, 3, 11, 1, 11902242, 0),
(1237, 3, 11, 2, 11902242, 0),
(1238, 3, 12, 1, 11902242, 0),
(1239, 3, 12, 2, 11902242, 0);

-- --------------------------------------------------------

--
-- Table structure for table `tb_ortu`
--

CREATE TABLE `tb_ortu` (
  `nis` int(15) NOT NULL,
  `username` varchar(50) NOT NULL,
  `password` varchar(250) NOT NULL
) ENGINE=InnoDB DEFAULT CHARSET=utf8mb4;

-- --------------------------------------------------------

--
-- Table structure for table `tb_prestasi`
--

CREATE TABLE `tb_prestasi` (
  `id` int(11) NOT NULL,
  `nis` int(15) NOT NULL,
  `semester` int(1) NOT NULL,
  `prestasi1` varchar(50) NOT NULL,
  `prestasi2` varchar(50) NOT NULL,
  `prestasi3` varchar(50) NOT NULL,
  `keterangan1` varchar(50) NOT NULL,
  `keterangan2` varchar(50) NOT NULL,
  `keterangan3` varchar(50) NOT NULL
) ENGINE=InnoDB DEFAULT CHARSET=utf8mb4;

--
-- Dumping data for table `tb_prestasi`
--

INSERT INTO `tb_prestasi` (`id`, `nis`, `semester`, `prestasi1`, `prestasi2`, `prestasi3`, `keterangan1`, `keterangan2`, `keterangan3`) VALUES
(1, 11902230, 1, '-', '-', '-', '-', '-', '-'),
(2, 11902231, 1, 'Juara Cerdas Cermat', '-', '-', 'Lomba Tingkat Nasional', '-', '-'),
(3, 11902232, 1, '-', '-', '-', '-', '-', '-'),
(4, 11902233, 1, '-', '-', '-', '-', '-', '-'),
(5, 11902234, 1, '-', '-', '-', '-', '-', '-'),
(6, 11902235, 1, '-', '-', '-', '-', '-', '-'),
(7, 11902236, 1, '-', '-', '-', '-', '-', '-'),
(8, 11902237, 1, '-', '-', '-', '-', '-', '-'),
(9, 11902238, 1, '-', '-', '-', '-', '-', '-'),
(10, 11902239, 1, '-', '-', '-', '-', '-', '-'),
(11, 11902240, 1, '-', '-', '-', '-', '-', '-'),
(12, 11902241, 1, '-', '-', '-', '-', '-', '-'),
(13, 11902230, 2, '-', '-', '-', '-', '-', '-'),
(14, 11902231, 2, '-', '-', '-', '-', '-', '-'),
(15, 11902232, 2, '-', '-', '-', '-', '-', '-'),
(16, 11902233, 2, '-', '-', '-', '-', '-', '-'),
(17, 11902234, 2, '-', '-', '-', '-', '-', '-'),
(18, 11902235, 2, '-', '-', '-', '-', '-', '-'),
(19, 11902236, 2, '-', '-', '-', '-', '-', '-'),
(20, 11902237, 2, '-', '-', '-', '-', '-', '-'),
(21, 11902238, 2, '-', '-', '-', '-', '-', '-'),
(22, 11902239, 2, '-', '-', '-', '-', '-', '-'),
(23, 11902240, 2, '-', '-', '-', '-', '-', '-'),
(24, 11902241, 2, '-', '-', '-', '-', '-', '-');

-- --------------------------------------------------------

--
-- Table structure for table `tb_ps`
--

CREATE TABLE `tb_ps` (
  `id_ps` int(11) NOT NULL,
  `id_rayon` int(11) NOT NULL,
  `nama_ps` varchar(50) NOT NULL,
  `username` varchar(50) NOT NULL,
  `password` varchar(250) NOT NULL
) ENGINE=InnoDB DEFAULT CHARSET=utf8mb4;

--
-- Dumping data for table `tb_ps`
--

INSERT INTO `tb_ps` (`id_ps`, `id_rayon`, `nama_ps`, `username`, `password`) VALUES
(1, 1, 'Jamal', 'ps', '8812c36aa5ae336c2a77bf63211d899a');

-- --------------------------------------------------------

--
-- Table structure for table `tb_rayon`
--

CREATE TABLE `tb_rayon` (
  `id_rayon` int(11) NOT NULL,
  `rayon` varchar(50) NOT NULL
) ENGINE=InnoDB DEFAULT CHARSET=utf8mb4;

--
-- Dumping data for table `tb_rayon`
--

INSERT INTO `tb_rayon` (`id_rayon`, `rayon`) VALUES
(1, 'Cisarua 1'),
(2, 'Cisarua 2'),
(3, 'Cisarua 3'),
(4, 'Cisarua 4'),
(5, 'Cibedug 1'),
(6, 'Cibedug 2'),
(7, 'Cibedug 3');

-- --------------------------------------------------------

--
-- Table structure for table `tb_rombel`
--

CREATE TABLE `tb_rombel` (
  `id_rombel` int(11) NOT NULL,
  `rombel` varchar(50) NOT NULL
) ENGINE=InnoDB DEFAULT CHARSET=utf8mb4;

--
-- Dumping data for table `tb_rombel`
--

INSERT INTO `tb_rombel` (`id_rombel`, `rombel`) VALUES
(1, 'RPL X - 1'),
(2, 'RPL X - 2'),
(3, 'TKJ X - 1'),
(4, 'TKJ X - 2'),
(5, 'BDP X - 1'),
(6, 'BDP X - 2');

-- --------------------------------------------------------

--
-- Table structure for table `tb_semester`
--

CREATE TABLE `tb_semester` (
  `id_semester` int(15) NOT NULL,
  `semester` int(5) NOT NULL
) ENGINE=InnoDB DEFAULT CHARSET=utf8mb4;

--
-- Dumping data for table `tb_semester`
--

INSERT INTO `tb_semester` (`id_semester`, `semester`) VALUES
(1, 1),
(2, 2);

-- --------------------------------------------------------

--
-- Table structure for table `tb_siswa`
--

CREATE TABLE `tb_siswa` (
  `nis` int(12) NOT NULL,
  `id_rayon` int(11) NOT NULL,
  `id_rombel` int(11) NOT NULL,
  `nama` varchar(50) NOT NULL,
  `username` varchar(50) NOT NULL,
  `password` varchar(250) NOT NULL
) ENGINE=InnoDB DEFAULT CHARSET=utf8mb4;

--
-- Dumping data for table `tb_siswa`
--

INSERT INTO `tb_siswa` (`nis`, `id_rayon`, `id_rombel`, `nama`, `username`, `password`) VALUES
(11902230, 1, 1, 'Ahmad ', '11902230', '11902230'),
(11902231, 1, 1, 'Bambang', '11902231', '11902231'),
(11902232, 3, 1, 'Carli', '11902232', '11902232'),
(11902233, 1, 2, 'Desta', '11902233', '11902233'),
(11902234, 2, 2, 'Evia', '11902234', '11902234'),
(11902235, 3, 2, 'Fanny', '11902235', '11902235'),
(11902236, 2, 3, 'Gilang', '11902236', '11902236'),
(11902237, 2, 3, 'Hermawan', '11902237', '11902237'),
(11902238, 3, 3, 'Ivan', '11902238', '11902238'),
(11902239, 2, 4, 'Jakaria', '11902239', '11902239'),
(11902240, 1, 4, 'Kania', '11902240', '11902240'),
(11902241, 1, 4, 'Lili', '11902241', '11902241');

-- --------------------------------------------------------

--
-- Table structure for table `tb_tu`
--

CREATE TABLE `tb_tu` (
  `id_tu` int(11) NOT NULL,
  `username` varchar(50) NOT NULL,
  `password` varchar(250) NOT NULL,
  `nama` varchar(50) DEFAULT NULL
) ENGINE=InnoDB DEFAULT CHARSET=utf8mb4;

--
-- Dumping data for table `tb_tu`
--

INSERT INTO `tb_tu` (`id_tu`, `username`, `password`, `nama`) VALUES
(1, 'tu', 'b6b4ce6df035dcfaa26f3bc32fb89e6a', 'Ikbal');

-- --------------------------------------------------------

--
-- Table structure for table `tb_upd`
--

CREATE TABLE `tb_upd` (
  `id` int(11) NOT NULL,
  `nis` int(12) NOT NULL,
  `semester` int(1) NOT NULL,
  `upd1` varchar(50) NOT NULL,
  `upd2` varchar(50) NOT NULL,
  `nilai1` varchar(1) NOT NULL,
  `nilai2` varchar(1) NOT NULL
) ENGINE=InnoDB DEFAULT CHARSET=utf8mb4;

--
-- Dumping data for table `tb_upd`
--

INSERT INTO `tb_upd` (`id`, `nis`, `semester`, `upd1`, `upd2`, `nilai1`, `nilai2`) VALUES
(1, 11902230, 1, 'Basket', 'Paskibra', 'B', 'A'),
(2, 11902231, 1, 'Android', 'Paskibra', 'B', 'A'),
(3, 11902232, 1, '-', '-', '-', '-'),
(4, 11902233, 1, '-', '-', '-', '-'),
(5, 11902234, 1, '-', '-', '-', '-'),
(6, 11902235, 1, '-', '-', '-', '-'),
(7, 11902236, 1, '-', '-', '-', '-'),
(8, 11902237, 1, '-', '-', '-', '-'),
(9, 11902238, 1, '-', '-', '-', '-'),
(10, 11902239, 1, '-', '-', '-', '-'),
(11, 11902240, 1, '-', '-', '-', '-'),
(12, 11902241, 1, '-', '-', '-', '-'),
(13, 11902230, 2, '-', '-', '-', '-'),
(14, 11902231, 2, '-', '-', '-', '-'),
(15, 11902232, 2, '-', '-', '-', '-'),
(16, 11902233, 2, '-', '-', '-', '-'),
(17, 11902234, 2, '-', '-', '-', '-'),
(18, 11902235, 2, '-', '-', '-', '-'),
(19, 11902236, 2, '-', '-', '-', '-'),
(20, 11902237, 2, '-', '-', '-', '-'),
(21, 11902238, 2, '-', '-', '-', '-'),
(22, 11902239, 2, '-', '-', '-', '-'),
(23, 11902240, 2, '-', '-', '-', '-'),
(24, 11902241, 2, '-', '-', '-', '-');

--
-- Indexes for dumped tables
--

--
-- Indexes for table `tb_absensi`
--
ALTER TABLE `tb_absensi`
  ADD PRIMARY KEY (`id`);

--
-- Indexes for table `tb_jenis`
--
ALTER TABLE `tb_jenis`
  ADD PRIMARY KEY (`id_jenis`);

--
-- Indexes for table `tb_jenisupd`
--
ALTER TABLE `tb_jenisupd`
  ADD PRIMARY KEY (`id_upd`);

--
-- Indexes for table `tb_kategori`
--
ALTER TABLE `tb_kategori`
  ADD PRIMARY KEY (`id_kategori`);

--
-- Indexes for table `tb_mapel`
--
ALTER TABLE `tb_mapel`
  ADD PRIMARY KEY (`id_mapel`);

--
-- Indexes for table `tb_nilai`
--
ALTER TABLE `tb_nilai`
  ADD PRIMARY KEY (`id`);

--
-- Indexes for table `tb_prestasi`
--
ALTER TABLE `tb_prestasi`
  ADD PRIMARY KEY (`id`);

--
-- Indexes for table `tb_ps`
--
ALTER TABLE `tb_ps`
  ADD PRIMARY KEY (`id_ps`);

--
-- Indexes for table `tb_rayon`
--
ALTER TABLE `tb_rayon`
  ADD PRIMARY KEY (`id_rayon`);

--
-- Indexes for table `tb_rombel`
--
ALTER TABLE `tb_rombel`
  ADD PRIMARY KEY (`id_rombel`);

--
-- Indexes for table `tb_semester`
--
ALTER TABLE `tb_semester`
  ADD PRIMARY KEY (`id_semester`);

--
-- Indexes for table `tb_siswa`
--
ALTER TABLE `tb_siswa`
  ADD PRIMARY KEY (`nis`);

--
-- Indexes for table `tb_tu`
--
ALTER TABLE `tb_tu`
  ADD PRIMARY KEY (`id_tu`);

--
-- Indexes for table `tb_upd`
--
ALTER TABLE `tb_upd`
  ADD PRIMARY KEY (`id`);

--
-- AUTO_INCREMENT for dumped tables
--

--
-- AUTO_INCREMENT for table `tb_absensi`
--
ALTER TABLE `tb_absensi`
  MODIFY `id` int(11) NOT NULL AUTO_INCREMENT, AUTO_INCREMENT=25;

--
-- AUTO_INCREMENT for table `tb_jenis`
--
ALTER TABLE `tb_jenis`
  MODIFY `id_jenis` int(15) NOT NULL AUTO_INCREMENT, AUTO_INCREMENT=13;

--
-- AUTO_INCREMENT for table `tb_jenisupd`
--
ALTER TABLE `tb_jenisupd`
  MODIFY `id_upd` int(11) NOT NULL AUTO_INCREMENT, AUTO_INCREMENT=6;

--
-- AUTO_INCREMENT for table `tb_kategori`
--
ALTER TABLE `tb_kategori`
  MODIFY `id_kategori` int(15) NOT NULL AUTO_INCREMENT, AUTO_INCREMENT=3;

--
-- AUTO_INCREMENT for table `tb_mapel`
--
ALTER TABLE `tb_mapel`
  MODIFY `id_mapel` int(11) NOT NULL AUTO_INCREMENT, AUTO_INCREMENT=7;

--
-- AUTO_INCREMENT for table `tb_nilai`
--
ALTER TABLE `tb_nilai`
  MODIFY `id` int(11) NOT NULL AUTO_INCREMENT, AUTO_INCREMENT=1240;

--
-- AUTO_INCREMENT for table `tb_prestasi`
--
ALTER TABLE `tb_prestasi`
  MODIFY `id` int(11) NOT NULL AUTO_INCREMENT, AUTO_INCREMENT=25;

--
-- AUTO_INCREMENT for table `tb_ps`
--
ALTER TABLE `tb_ps`
  MODIFY `id_ps` int(11) NOT NULL AUTO_INCREMENT, AUTO_INCREMENT=2;

--
-- AUTO_INCREMENT for table `tb_rayon`
--
ALTER TABLE `tb_rayon`
  MODIFY `id_rayon` int(11) NOT NULL AUTO_INCREMENT, AUTO_INCREMENT=8;

--
-- AUTO_INCREMENT for table `tb_rombel`
--
ALTER TABLE `tb_rombel`
  MODIFY `id_rombel` int(11) NOT NULL AUTO_INCREMENT, AUTO_INCREMENT=7;

--
-- AUTO_INCREMENT for table `tb_semester`
--
ALTER TABLE `tb_semester`
  MODIFY `id_semester` int(15) NOT NULL AUTO_INCREMENT, AUTO_INCREMENT=6;

--
-- AUTO_INCREMENT for table `tb_tu`
--
ALTER TABLE `tb_tu`
  MODIFY `id_tu` int(11) NOT NULL AUTO_INCREMENT, AUTO_INCREMENT=3;

--
-- AUTO_INCREMENT for table `tb_upd`
--
ALTER TABLE `tb_upd`
  MODIFY `id` int(11) NOT NULL AUTO_INCREMENT, AUTO_INCREMENT=25;
COMMIT;

/*!40101 SET CHARACTER_SET_CLIENT=@OLD_CHARACTER_SET_CLIENT */;
/*!40101 SET CHARACTER_SET_RESULTS=@OLD_CHARACTER_SET_RESULTS */;
/*!40101 SET COLLATION_CONNECTION=@OLD_COLLATION_CONNECTION */;
